Number,c(A)(¦Ìg/L),Antibiotic1,Concentration(¦Ìg/L),Removal rate,Antibiotic2,Concentration(¦Ìg/L),Removal rate,Antibiotic3,Concentration(¦Ìg/L),Removal rate,Antibiotic4,Concentration(¦Ìg/L),Removal rate,Antibiotic5,Concentration(¦Ìg/L),Removal rate,Antibiotic6,Concentration(¦Ìg/L),Removal rate,Antibiotic7,Concentration(¦Ìg/L),Removal rate,Antibiotic8,Concentration(¦Ìg/L),Removal rate
1,4000.00 ,SMX,2000,0.9825,CIP,2000,0.9961,0,0,0,0,0,0,0,0,0,0,0,0,0,0,0,0,0,0
2,4000.00 ,SMX,2000,0.9825,CIP,2000,0.9961,0,0,0,0,0,0,0,0,0,0,0,0,0,0,0,0,0,0
3,0.18 ,ENR,0.044464,0.776,SMZ,0.132492013,0.687,0,0,0,0,0,0,0,0,0,0,0,0,0,0,0,0,0,0
4,0.18 ,ENR,0.044464,0.776,SMZ,0.132492013,0.687,0,0,0,0,0,0,0,0,0,0,0,0,0,0,0,0,0,0
5,0.18 ,ENR,0.044464,0.776,SMZ,0.132492013,0.687,0,0,0,0,0,0,0,0,0,0,0,0,0,0,0,0,0,0
6,0.18 ,ENR,0.044464,0.776,SMZ,0.132492013,0.687,0,0,0,0,0,0,0,0,0,0,0,0,0,0,0,0,0,0
7,0.18 ,ENR,0.043650794,0.811,SMZ,0.131965812,0.649,0,0,0,0,0,0,0,0,0,0,0,0,0,0,0,0,0,0
8,0.18 ,ENR,0.043650794,0.811,SMZ,0.131965812,0.649,0,0,0,0,0,0,0,0,0,0,0,0,0,0,0,0,0,0
9,0.18 ,ENR,0.043650794,0.811,SMZ,0.131965812,0.649,0,0,0,0,0,0,0,0,0,0,0,0,0,0,0,0,0,0
10,0.18 ,ENR,0.043650794,0.811,SMZ,0.131965812,0.649,0,0,0,0,0,0,0,0,0,0,0,0,0,0,0,0,0,0
11,0.17 ,ENR,0.043251029,0.757,SMZ,0.125318627,0.592,0,0,0,0,0,0,0,0,0,0,0,0,0,0,0,0,0,0
12,0.17 ,ENR,0.043251029,0.757,SMZ,0.125318627,0.592,0,0,0,0,0,0,0,0,0,0,0,0,0,0,0,0,0,0
13,0.17 ,ENR,0.043251029,0.757,SMZ,0.125318627,0.592,0,0,0,0,0,0,0,0,0,0,0,0,0,0,0,0,0,0
14,0.17 ,ENR,0.043251029,0.757,SMZ,0.125318627,0.592,0,0,0,0,0,0,0,0,0,0,0,0,0,0,0,0,0,0
15,0.18 ,ENR,0.04295082,0.756,SMZ,0.133785558,0.543,0,0,0,0,0,0,0,0,0,0,0,0,0,0,0,0,0,0
16,0.18 ,ENR,0.04295082,0.756,SMZ,0.133785558,0.543,0,0,0,0,0,0,0,0,0,0,0,0,0,0,0,0,0,0
17,0.18 ,ENR,0.04295082,0.756,SMZ,0.133785558,0.543,0,0,0,0,0,0,0,0,0,0,0,0,0,0,0,0,0,0
18,0.18 ,ENR,0.04295082,0.756,SMZ,0.133785558,0.543,0,0,0,0,0,0,0,0,0,0,0,0,0,0,0,0,0,0
19,1600.00 ,NFX,200,0.9969238,CIP,200,0.9957983,ENR,200,0.986232,SDZ,200,0.8725615,SMZ,200,0.9980492,ST,200,0.9552821,OTC,200,0.9974865,TET,200,0.6187725
20,1600.00 ,NFX,200,0.9969238,CIP,200,0.9957983,ENR,200,0.986232,SDZ,200,0.8725615,SMZ,200,0.9980492,ST,200,0.9552821,OTC,200,0.9974865,TET,200,0.6187725
21,530.58 ,OTC,280.28,0.9754,DIF,250.3,0.9915,0,0,0,0,0,0,0,0,0,0,0,0,0,0,0,0,0,0
22,530.58 ,OTC,280.28,0.9754,DIF,250.3,0.9915,0,0,0,0,0,0,0,0,0,0,0,0,0,0,0,0,0,0
23,530.58 ,OTC,280.28,0.9754,DIF,250.3,0.9915,0,0,0,0,0,0,0,0,0,0,0,0,0,0,0,0,0,0
24,530.58 ,OTC,280.28,0.9754,DIF,250.3,0.9915,0,0,0,0,0,0,0,0,0,0,0,0,0,0,0,0,0,0
25,530.58 ,OTC,280.28,0.9606,DIF,250.3,0.9857,0,0,0,0,0,0,0,0,0,0,0,0,0,0,0,0,0,0
26,530.58 ,OTC,280.28,0.9606,DIF,250.3,0.9857,0,0,0,0,0,0,0,0,0,0,0,0,0,0,0,0,0,0
27,530.58 ,OTC,280.28,0.9606,DIF,250.3,0.9857,0,0,0,0,0,0,0,0,0,0,0,0,0,0,0,0,0,0
28,530.58 ,OTC,280.28,0.9606,DIF,250.3,0.9857,0,0,0,0,0,0,0,0,0,0,0,0,0,0,0,0,0,0
29,530.58 ,OTC,280.28,0.9634,DIF,250.3,0.9835,0,0,0,0,0,0,0,0,0,0,0,0,0,0,0,0,0,0
30,530.58 ,OTC,280.28,0.9634,DIF,250.3,0.9835,0,0,0,0,0,0,0,0,0,0,0,0,0,0,0,0,0,0
31,530.58 ,OTC,280.28,0.9634,DIF,250.3,0.9835,0,0,0,0,0,0,0,0,0,0,0,0,0,0,0,0,0,0
32,530.58 ,OTC,280.28,0.9634,DIF,250.3,0.9835,0,0,0,0,0,0,0,0,0,0,0,0,0,0,0,0,0,0
33,530.58 ,OTC,280.28,0.9202,DIF,250.3,0.9774,0,0,0,0,0,0,0,0,0,0,0,0,0,0,0,0,0,0
34,530.58 ,OTC,280.28,0.9202,DIF,250.3,0.9774,0,0,0,0,0,0,0,0,0,0,0,0,0,0,0,0,0,0
35,530.58 ,OTC,280.28,0.9202,DIF,250.3,0.9774,0,0,0,0,0,0,0,0,0,0,0,0,0,0,0,0,0,0
36,530.58 ,OTC,280.28,0.9202,DIF,250.3,0.9774,0,0,0,0,0,0,0,0,0,0,0,0,0,0,0,0,0,0
37,103.08 ,SMX,103.08,0,0,0,0,0,0,0,0,0,0,0,0,0,0,0,0,0,0,0,0,0,0
38,103.08 ,SMX,103.08,0.84027186,0,0,0,0,0,0,0,0,0,0,0,0,0,0,0,0,0,0,0,0,0
39,103.08 ,SMX,103.08,0.973986936,0,0,0,0,0,0,0,0,0,0,0,0,0,0,0,0,0,0,0,0,0
40,103.08 ,SMX,103.08,0.974740784,0,0,0,0,0,0,0,0,0,0,0,0,0,0,0,0,0,0,0,0,0
41,103.08 ,SMX,103.08,0.990106519,0,0,0,0,0,0,0,0,0,0,0,0,0,0,0,0,0,0,0,0,0
42,103.08 ,SMX,103.08,0.989377894,0,0,0,0,0,0,0,0,0,0,0,0,0,0,0,0,0,0,0,0,0
43,0.00 ,0,0,0,0,0,0,0,0,0,0,0,0,0,0,0,0,0,0,0,0,0,0,0,0
44,0.00 ,0,0,0,0,0,0,0,0,0,0,0,0,0,0,0,0,0,0,0,0,0,0,0,0
45,0.00 ,0,0,0,0,0,0,0,0,0,0,0,0,0,0,0,0,0,0,0,0,0,0,0,0
46,0.00 ,0,0,0,0,0,0,0,0,0,0,0,0,0,0,0,0,0,0,0,0,0,0,0,0
47,0.00 ,0,0,0,0,0,0,0,0,0,0,0,0,0,0,0,0,0,0,0,0,0,0,0,0
48,0.00 ,0,0,0,0,0,0,0,0,0,0,0,0,0,0,0,0,0,0,0,0,0,0,0,0
49,4000.00 ,SMX,4000,0.7132,0,0,0,0,0,0,0,0,0,0,0,0,0,0,0,0,0,0,0,0,0
50,4000.00 ,SMX,4000,0.7132,0,0,0,0,0,0,0,0,0,0,0,0,0,0,0,0,0,0,0,0,0
51,0.00 ,0,0,0,0,0,0,0,0,0,0,0,0,0,0,0,0,0,0,0,0,0,0,0,0
52,154.60 ,SMX,154.6,0.285,0,0,0,0,0,0,0,0,0,0,0,0,0,0,0,0,0,0,0,0,0
53,154.60 ,SMX,154.6,0.285,0,0,0,0,0,0,0,0,0,0,0,0,0,0,0,0,0,0,0,0,0
54,154.60 ,SMX,154.6,0.653,0,0,0,0,0,0,0,0,0,0,0,0,0,0,0,0,0,0,0,0,0
55,154.60 ,SMX,154.6,0.653,0,0,0,0,0,0,0,0,0,0,0,0,0,0,0,0,0,0,0,0,0
56,100.00 ,SMX,100,0.9536,0,0,0,0,0,0,0,0,0,0,0,0,0,0,0,0,0,0,0,0,0
57,100.00 ,SMX,100,0.954,0,0,0,0,0,0,0,0,0,0,0,0,0,0,0,0,0,0,0,0,0
58,0.00 ,0,0,0,0,0,0,0,0,0,0,0,0,0,0,0,0,0,0,0,0,0,0,0,0
59,0.00 ,0,0,0,0,0,0,0,0,0,0,0,0,0,0,0,0,0,0,0,0,0,0,0,0
60,0.00 ,0,0,0,0,0,0,0,0,0,0,0,0,0,0,0,0,0,0,0,0,0,0,0,0
61,0.10 ,OFL,0.1,0.978435294,0,0,0,0,0,0,0,0,0,0,0,0,0,0,0,0,0,0,0,0,0
62,10.00 ,OFL,10,0.978435294,0,0,0,0,0,0,0,0,0,0,0,0,0,0,0,0,0,0,0,0,0
63,1000.00 ,OFL,1000,0.978435294,0,0,0,0,0,0,0,0,0,0,0,0,0,0,0,0,0,0,0,0,0
64,0.00 ,0,0,0,0,0,0,0,0,0,0,0,0,0,0,0,0,0,0,0,0,0,0,0,0
65,0.10 ,OFL,0.1,0.978435294,0,0,0,0,0,0,0,0,0,0,0,0,0,0,0,0,0,0,0,0,0
66,10.00 ,OFL,10,0.978435294,0,0,0,0,0,0,0,0,0,0,0,0,0,0,0,0,0,0,0,0,0
67,1000.00 ,OFL,1000,0.978435294,0,0,0,0,0,0,0,0,0,0,0,0,0,0,0,0,0,0,0,0,0
68,0.00 ,0,0,0,0,0,0,0,0,0,0,0,0,0,0,0,0,0,0,0,0,0,0,0,0
69,86.20 ,0,0,0,OFL,86.2,0.978435294,0,0,0,0,0,0,0,0,0,0,0,0,0,0,0,0,0,0
70,86.90 ,TET,86.9,0.6187725,0,0,0,0,0,0,0,0,0,0,0,0,0,0,0,0,0,0,0,0,0
71,153.50 ,TET,71.1,0.6187725,OFL,82.4,0.978435294,0,0,0,0,0,0,0,0,0,0,0,0,0,0,0,0,0,0
72,300.00 ,SDZ,100,0,SMX,100,0,SMZ,100,0,0,0,0,0,0,0,0,0,0,0,0,0,0,0,0
73,300.00 ,SDZ,100,0,SMX,100,0,SMZ,100,0,0,0,0,0,0,0,0,0,0,0,0,0,0,0,0
74,300.00 ,SDZ,100,0.2642558,SMX,100,0.67508,SMZ,100,0.1901337,0,0,0,0,0,0,0,0,0,0,0,0,0,0,0
75,300.00 ,SDZ,100,0.2642558,SMX,100,0.67508,SMZ,100,0.1901337,0,0,0,0,0,0,0,0,0,0,0,0,0,0,0
76,300.00 ,SDZ,100,0.3119665,SMX,100,0.3767168,SMZ,100,0.3758649,0,0,0,0,0,0,0,0,0,0,0,0,0,0,0
77,300.00 ,SDZ,100,0.3110665,SMX,100,0.3767168,SMZ,100,0.3758649,0,0,0,0,0,0,0,0,0,0,0,0,0,0,0
78,300.00 ,SDZ,100,0.5662819,SMX,100,0.7899261,SMZ,100,0.5368887,0,0,0,0,0,0,0,0,0,0,0,0,0,0,0
79,300.00 ,SDZ,100,0.5662819,SMX,100,0.7899261,SMZ,100,0.5368887,0,0,0,0,0,0,0,0,0,0,0,0,0,0,0
80,0.00 ,0,0,0,0,0,0,0,0,0,0,0,0,0,0,0,0,0,0,0,0,0,0,0,0
81,0.00 ,0,0,0,0,0,0,0,0,0,0,0,0,0,0,0,0,0,0,0,0,0,0,0,0
82,0.00 ,0,0,0,0,0,0,0,0,0,0,0,0,0,0,0,0,0,0,0,0,0,0,0,0
83,0.00 ,0,0,0,0,0,0,0,0,0,0,0,0,0,0,0,0,0,0,0,0,0,0,0,0
84,0.00 ,0,0,0,0,0,0,0,0,0,0,0,0,0,0,0,0,0,0,0,0,0,0,0,0
85,0.00 ,0,0,0,0,0,0,0,0,0,0,0,0,0,0,0,0,0,0,0,0,0,0,0,0
86,0.00 ,0,0,0,0,0,0,0,0,0,0,0,0,0,0,0,0,0,0,0,0,0,0,0,0
87,0.00 ,0,0,0,0,0,0,0,0,0,0,0,0,0,0,0,0,0,0,0,0,0,0,0,0
88,0.00 ,OFL,0,0,ENR,0,0,NFX,0,0,CIP,0,0,0,0,0,0,0,0,0,0,0,0,0,0
89,400.00 ,OFL,100,0.8367,ENR,100,0.8666,NFX,100,0.8981,CIP,100,0.8899,0,0,0,0,0,0,0,0,0,0,0,0
90,0.00 ,OFL,0,0,ENR,0,0,NFX,0,0,CIP,0,0,0,0,0,0,0,0,0,0,0,0,0,0
91,400.00 ,OFL,100,0.8367,ENR,100,0.8666,NFX,100,0.8981,CIP,100,0.8899,0,0,0,0,0,0,0,0,0,0,0,0
92,0.00 ,OFL,0,0,ENR,0,0,NFX,0,0,CIP,0,0,0,0,0,0,0,0,0,0,0,0,0,0
93,400.00 ,OFL,100,0.98,ENR,100,0.984,NFX,100,0.9849,CIP,100,0.9886,0,0,0,0,0,0,0,0,0,0,0,0
94,0.00 ,OFL,0,0,ENR,0,0,NFX,0,0,CIP,0,0,0,0,0,0,0,0,0,0,0,0,0,0
95,400.00 ,OFL,100,0.98,ENR,100,0.984,NFX,100,0.9849,CIP,100,0.9886,0,0,0,0,0,0,0,0,0,0,0,0
96,0.00 ,0,0,0,0,0,0,0,0,0,0,0,0,0,0,0,0,0,0,0,0,0,0,0,0
97,0.00 ,0,0,0,0,0,0,0,0,0,0,0,0,0,0,0,0,0,0,0,0,0,0,0,0
98,0.00 ,0,0,0,0,0,0,0,0,0,0,0,0,0,0,0,0,0,0,0,0,0,0,0,0
99,0.00 ,0,0,0,0,0,0,0,0,0,0,0,0,0,0,0,0,0,0,0,0,0,0,0,0
100,0.00 ,0,0,0,0,0,0,0,0,0,0,0,0,0,0,0,0,0,0,0,0,0,0,0,0
101,100.00 ,SMX,100,0,0,0,0,0,0,0,0,0,0,0,0,0,0,0,0,0,0,0,0,0,0
102,100.00 ,SMX,100,0.5941024,0,0,0,0,0,0,0,0,0,0,0,0,0,0,0,0,0,0,0,0,0
103,100.00 ,SMX,100,0.3279036,0,0,0,0,0,0,0,0,0,0,0,0,0,0,0,0,0,0,0,0,0
104,100.00 ,SMX,100,0.813378,0,0,0,0,0,0,0,0,0,0,0,0,0,0,0,0,0,0,0,0,0
105,100.00 ,SMX,100,0.9550499,0,0,0,0,0,0,0,0,0,0,0,0,0,0,0,0,0,0,0,0,0
106,0.00 ,0,0,0,N-SMX,0,0,0,0,0,0,0,0,0,0,0,0,0,0,0,0,0,0,0,0
107,0.00 ,0,0,0,N-SMX,0,0.8801533,0,0,0,0,0,0,0,0,0,0,0,0,0,0,0,0,0,0
108,0.00 ,0,0,0,N-SMX,0,0.9825721,0,0,0,0,0,0,0,0,0,0,0,0,0,0,0,0,0,0
109,0.00 ,0,0,0,N-SMX,0,0.987084,0,0,0,0,0,0,0,0,0,0,0,0,0,0,0,0,0,0
110,0.00 ,0,0,0,N-SMX,0,0.992047,0,0,0,0,0,0,0,0,0,0,0,0,0,0,0,0,0,0
111,100.00 ,SMX,100,0,N-SMX,0,0,0,0,0,0,0,0,0,0,0,0,0,0,0,0,0,0,0,0
112,100.00 ,SMX,100,0.2891017,N-SMX,0,0.9767067,0,0,0,0,0,0,0,0,0,0,0,0,0,0,0,0,0,0
113,100.00 ,SMX,100,0.2430809,N-SMX,0,0.9893399,0,0,0,0,0,0,0,0,0,0,0,0,0,0,0,0,0,0
114,100.00 ,SMX,100,0.1957066,N-SMX,0,0.9974612,0,0,0,0,0,0,0,0,0,0,0,0,0,0,0,0,0,0
115,100.00 ,SMX,100,0.8652642,N-SMX,0,0.9839257,0,0,0,0,0,0,0,0,0,0,0,0,0,0,0,0,0,0
116,0.00 ,0,0,0,0,0,0,0,0,0,0,0,0,0,0,0,0,0,0,0,0,0,0,0,0
117,0.00 ,0,0,0,0,0,0,0,0,0,0,0,0,0,0,0,0,0,0,0,0,0,0,0,0
118,10000.00 ,TET,10000,0.6187725,0,0,0,0,0,0,0,0,0,0,0,0,0,0,0,0,0,0,0,0,0
119,10000.00 ,TET,10000,0.6187725,0,0,0,0,0,0,0,0,0,0,0,0,0,0,0,0,0,0,0,0,0
120,2000.00 ,CIP,2000,0.7506474,0,0,0,0,0,0,0,0,0,0,0,0,0,0,0,0,0,0,0,0,0
121,2000.00 ,CIP,2000,0.7506474,0,0,0,0,0,0,0,0,0,0,0,0,0,0,0,0,0,0,0,0,0
122,4000.00 ,SDZ ,4000,0.99799167,0,0,0,0,0,0,0,0,0,0,0,0,0,0,0,0,0,0,0,0,0
123,4000.00 ,SDZ ,4000,0.9971,0,0,0,0,0,0,0,0,0,0,0,0,0,0,0,0,0,0,0,0,0
124,0.00 ,0,0,0,0,0,0,0,0,0,0,0,0,0,0,0,0,0,0,0,0,0,0,0,0
125,0.00 ,0,0,0,0,0,0,0,0,0,0,0,0,0,0,0,0,0,0,0,0,0,0,0,0
126,0.00 ,0,0,0,0,0,0,0,0,0,0,0,0,0,0,0,0,0,0,0,0,0,0,0,0
127,0.00 ,0,0,0,0,0,0,0,0,0,0,0,0,0,0,0,0,0,0,0,0,0,0,0,0
128,1001.00 ,SMX,1000,0.88288935,0,0,0,0,0,0,0,1,0,0,0,0,0,0,0,0,0,0,0,0,0
129,1001.00 ,SMX,1000,0.88288935,0,0,0,0,0,0,0,1,0,0,0,0,0,0,0,0,0,0,0,0,0
130,1001.00 ,SMX,1000,0.88288935,0,0,0,0,0,0,0,1,0,0,0,0,0,0,0,0,0,0,0,0,0
131,1001.00 ,SMX,1000,0.88288935,0,0,0,0,0,0,0,1,0,0,0,0,0,0,0,0,0,0,0,0,0
132,100.00 ,SMX,100,0.9909,0,0,0,0,0,0,0,0,0,0,0,0,0,0,0,0,0,0,0,0,0
133,100.00 ,SMX,100,0.9909,0,0,0,0,0,0,0,0,0,0,0,0,0,0,0,0,0,0,0,0,0
134,100.00 ,SMX,100,0.9909,0,0,0,0,0,0,0,0,0,0,0,0,0,0,0,0,0,0,0,0,0
135,100.00 ,SMX,100,0.9909,0,0,0,0,0,0,0,0,0,0,0,0,0,0,0,0,0,0,0,0,0
136,0.00 ,0,0,0,0,0,0,0,0,0,0,0,0,0,0,0,0,0,0,0,0,0,0,0,0
137,100.00 ,ENR,100,0.821530182,0,0,0,0,0,0,0,0,0,0,0,0,0,0,0,0,0,0,0,0,0
138,0.00 ,0,0,0,0,0,0,0,0,0,0,0,0,0,0,0,0,0,0,0,0,0,0,0,0
139,0.00 ,0,0,0,0,0,0,0,0,0,0,0,0,0,0,0,0,0,0,0,0,0,0,0,0
140,0.00 ,0,0,0,0,0,0,0,0,0,0,0,0,0,0,0,0,0,0,0,0,0,0,0,0
141,0.00 ,0,0,0,0,0,0,0,0,0,0,0,0,0,0,0,0,0,0,0,0,0,0,0,0
142,0.00 ,0,0,0,0,0,0,0,0,0,0,0,0,0,0,0,0,0,0,0,0,0,0,0,0
143,0.00 ,0,0,0,0,0,0,0,0,0,0,0,0,0,0,0,0,0,0,0,0,0,0,0,0
144,0.00 ,0,0,0,0,0,0,0,0,0,0,0,0,0,0,0,0,0,0,0,0,0,0,0,0
145,0.00 ,0,0,0,0,0,0,0,0,0,0,0,0,0,0,0,0,0,0,0,0,0,0,0,0
146,0.00 ,0,0,0,0,0,0,0,0,0,0,0,0,0,0,0,0,0,0,0,0,0,0,0,0
147,0.00 ,0,0,0,0,0,0,0,0,0,0,0,0,0,0,0,0,0,0,0,0,0,0,0,0
148,200.00 ,OFL,100,1,NFX,50,1,CIP,50,1,0,0,0,0,0,0,0,0,0,0,0,0,0,0,0
149,200.00 ,OFL,100,1,NFX,50,1,CIP,50,1,0,0,0,0,0,0,0,0,0,0,0,0,0,0,0
150,200.00 ,OFL,100,1,NFX,50,1,CIP,50,1,0,0,0,0,0,0,0,0,0,0,0,0,0,0,0
151,200.00 ,OFL,100,1,NFX,50,1,CIP,50,1,0,0,0,0,0,0,0,0,0,0,0,0,0,0,0
152,200.00 ,OFL,100,1,NFX,50,1,CIP,50,1,0,0,0,0,0,0,0,0,0,0,0,0,0,0,0
153,200.00 ,OFL,100,1,NFX,50,1,CIP,50,1,0,0,0,0,0,0,0,0,0,0,0,0,0,0,0
154,200.00 ,OFL,100,1,NFX,50,1,CIP,50,1,0,0,0,0,0,0,0,0,0,0,0,0,0,0,0
155,200.00 ,OFL,100,1,NFX,50,1,CIP,50,1,0,0,0,0,0,0,0,0,0,0,0,0,0,0,0
156,200.00 ,OFL,100,1,NFX,50,1,CIP,50,1,0,0,0,0,0,0,0,0,0,0,0,0,0,0,0
157,200.00 ,OFL,100,1,NFX,50,1,CIP,50,1,0,0,0,0,0,0,0,0,0,0,0,0,0,0,0
158,0.00 ,0,0,0,0,0,0,0,0,0,0,0,0,0,0,0,0,0,0,0,0,0,0,0,0
159,0.00 ,0,0,0,0,0,0,0,0,0,0,0,0,0,0,0,0,0,0,0,0,0,0,0,0
160,0.00 ,0,0,0,0,0,0,0,0,0,0,0,0,0,0,0,0,0,0,0,0,0,0,0,0
161,200.00 ,OFL,100,1,NFX,50,1,CIP,50,1,0,0,0,0,0,0,0,0,0,0,0,0,0,0,0
162,200.00 ,OFL,100,1,NFX,50,1,CIP,50,1,0,0,0,0,0,0,0,0,0,0,0,0,0,0,0
163,200.00 ,OFL,100,1,NFX,50,1,CIP,50,1,0,0,0,0,0,0,0,0,0,0,0,0,0,0,0
164,4.62 ,OTC,2.85,0.6377,CIP,0.79,0.4352,SMZ,0.98,0.2465,0,0,0,0,0,0,0,0,0,0,0,0,0,0,0
165,4.62 ,OTC,2.85,0.6377,CIP,0.79,0.4352,SMZ,0.98,0.2465,0,0,0,0,0,0,0,0,0,0,0,0,0,0,0
166,60.00 ,OTC,30,0.852,CIP,30,0.811,0,0,0,0,0,0,0,0,0,0,0,0,0,0,0,0,0,0
167,60.00 ,OTC,30,0.852,CIP,30,0.811,0,0,0,0,0,0,0,0,0,0,0,0,0,0,0,0,0,0
168,60.00 ,OTC,30,0.954666667,CIP,30,0.928666667,0,0,0,0,0,0,0,0,0,0,0,0,0,0,0,0,0,0
169,60.00 ,OTC,30,0.954666667,CIP,30,0.928666667,0,0,0,0,0,0,0,0,0,0,0,0,0,0,0,0,0,0
170,60.00 ,OTC,30,0.954666667,CIP,30,0.928666667,0,0,0,0,0,0,0,0,0,0,0,0,0,0,0,0,0,0
171,60.00 ,OTC,30,0.981,CIP,30,0.962333333,0,0,0,0,0,0,0,0,0,0,0,0,0,0,0,0,0,0
172,60.00 ,OTC,30,0.981,CIP,30,0.962333333,0,0,0,0,0,0,0,0,0,0,0,0,0,0,0,0,0,0
173,60.00 ,OTC,30,0.981,CIP,30,0.962333333,0,0,0,0,0,0,0,0,0,0,0,0,0,0,0,0,0,0
174,199.60 ,SMX,199.6,0.895,0,0,0,0,0,0,0,0,0,0,0,0,0,0,0,0,0,0,0,0,0
175,199.60 ,SMX,199.6,0.895,0,0,0,0,0,0,0,0,0,0,0,0,0,0,0,0,0,0,0,0,0
176,199.60 ,SMX,199.6,0.895,0,0,0,0,0,0,0,0,0,0,0,0,0,0,0,0,0,0,0,0,0
177,199.60 ,SMX,199.6,0.9935,0,0,0,0,0,0,0,0,0,0,0,0,0,0,0,0,0,0,0,0,0
178,199.60 ,SMX,199.6,0.9935,0,0,0,0,0,0,0,0,0,0,0,0,0,0,0,0,0,0,0,0,0
179,199.60 ,SMX,199.6,0.9935,0,0,0,0,0,0,0,0,0,0,0,0,0,0,0,0,0,0,0,0,0
180,199.60 ,SMX,199.6,0.9787,0,0,0,0,0,0,0,0,0,0,0,0,0,0,0,0,0,0,0,0,0
181,199.60 ,SMX,199.6,0.9787,0,0,0,0,0,0,0,0,0,0,0,0,0,0,0,0,0,0,0,0,0
182,199.60 ,SMX,199.6,0.9787,0,0,0,0,0,0,0,0,0,0,0,0,0,0,0,0,0,0,0,0,0
183,199.60 ,SMX,199.6,0.9489,0,0,0,0,0,0,0,0,0,0,0,0,0,0,0,0,0,0,0,0,0
184,199.60 ,SMX,199.6,0.9489,0,0,0,0,0,0,0,0,0,0,0,0,0,0,0,0,0,0,0,0,0
185,199.60 ,SMX,199.6,0.9489,0,0,0,0,0,0,0,0,0,0,0,0,0,0,0,0,0,0,0,0,0
186,0.00 ,SMZ,0,0,OFL,0,0,0,0,0,0,0,0,0,0,0,0,0,0,0,0,0,0,0,0
187,400.00 ,SMZ,200,0.476802028,OFL,200,0.978435294,0,0,0,0,0,0,0,0,0,0,0,0,0,0,0,0,0,0
188,1000.00 ,SMZ,500,0.476802028,OFL,500,0.978435294,0,0,0,0,0,0,0,0,0,0,0,0,0,0,0,0,0,0
189,2000.00 ,SMZ,1000,0.476802028,OFL,1000,0.978435294,0,0,0,0,0,0,0,0,0,0,0,0,0,0,0,0,0,0
190,10000.00 ,SMZ,5000,0.476802028,OFL,5000,0.978435294,0,0,0,0,0,0,0,0,0,0,0,0,0,0,0,0,0,0
191,20000.00 ,SMZ,10000,0.476802028,OFL,10000,0.978435294,0,0,0,0,0,0,0,0,0,0,0,0,0,0,0,0,0,0
192,10000.00 ,SMZ,10000,0.476802028,OFL,0,0,0,0,0,0,0,0,0,0,0,0,0,0,0,0,0,0,0,0
193,10000.00 ,SMZ,0,0,OFL,10000,0.978435294,0,0,0,0,0,0,0,0,0,0,0,0,0,0,0,0,0,0
194,300.00 ,OTC,100,0.992,CIP,100,0.991,SMZ,100,0.233,0,0,0,0,0,0,0,0,0,0,0,0,0,0,0
195,300.00 ,OTC,100,0.985,CIP,100,0.972,SMZ,100,0.247,0,0,0,0,0,0,0,0,0,0,0,0,0,0,0
196,300.00 ,OTC,100,0.998,CIP,100,0.995,SMZ,100,0.244,0,0,0,0,0,0,0,0,0,0,0,0,0,0,0
197,300.00 ,OTC,100,0.934,CIP,100,0.925,SMZ,100,0.212,0,0,0,0,0,0,0,0,0,0,0,0,0,0,0
198,300.00 ,OTC,100,0.985,CIP,100,0.981,SMZ,100,0.339,0,0,0,0,0,0,0,0,0,0,0,0,0,0,0
199,300.00 ,OTC,100,0.946,CIP,100,0.954,SMZ,100,0.484,0,0,0,0,0,0,0,0,0,0,0,0,0,0,0
200,300.00 ,OTC,100,0.993,CIP,100,0.99,SMZ,100,0.375,0,0,0,0,0,0,0,0,0,0,0,0,0,0,0
201,300.00 ,OTC,100,0.879,CIP,100,0.855,SMZ,100,0.452,0,0,0,0,0,0,0,0,0,0,0,0,0,0,0
202,0.00 ,0,0,0,0,0,0,0,0,0,0,,0,0,0,0,0,0,0,0,0,0,0,0,0
203,0.00 ,0,0,0,0,0,0,0,0,0,0,,0,0,0,0,0,0,0,0,0,0,0,0,0
204,0.00 ,0,0,0,0,0,0,0,0,0,0,0,0,0,0,0,0,0,0,0,0,0,0,0,0
205,0.00 ,0,0,0,0,0,0,0,0,0,0,0,0,0,0,0,0,0,0,0,0,0,0,0,0
206,0.00 ,0,0,0,0,0,0,0,0,0,0,0,0,0,0,0,0,0,0,0,0,0,0,0,0
207,0.00 ,0,0,0,0,0,0,0,0,0,0,0,0,0,0,0,0,0,0,0,0,0,0,0,0
208,0.00 ,0,0,0,0,0,0,0,0,0,0,0,0,0,0,0,0,0,0,0,0,0,0,0,0
209,0.00 ,0,0,0,0,0,0,0,0,0,0,0,0,0,0,0,0,0,0,0,0,0,0,0,0
210,0.00 ,0,0,0,0,0,0,0,0,0,0,0,0,0,0,0,0,0,0,0,0,0,0,0,0
211,0.00 ,0,0,0,0,0,0,0,0,0,0,0,0,0,0,0,0,0,0,0,0,0,0,0,0
212,0.00 ,0,0,0,0,0,0,0,0,0,0,0,0,0,0,0,0,0,0,0,0,0,0,0,0
213,0.00 ,0,0,0,0,0,0,0,0,0,0,0,0,0,0,0,0,0,0,0,0,0,0,0,0
214,0.00 ,0,0,0,0,0,0,0,0,0,0,0,0,0,0,0,0,0,0,0,0,0,0,0,0
215,0.00 ,0,0,0,0,0,0,0,0,0,0,0,0,0,0,0,0,0,0,0,0,0,0,0,0
216,0.00 ,0,0,0,0,0,0,0,0,0,0,0,0,0,0,0,0,0,0,0,0,0,0,0,0
217,0.00 ,0,0,0,0,,0,0,,0,0,,0,0,0,0,0,0,0,0,0,0,0,0,0
218,0.00 ,0,0,0,0,,0,0,,0,0,,0,0,0,0,0,0,0,0,0,0,0,0,0
219,0.00 ,0,0,0,0,0,0,0,0,0,0,0,0,0,0,0,0,0,0,0,0,0,0,0,0
220,0.00 ,0,0,0,0,0,0,0,0,0,0,0,0,0,0,0,0,0,0,0,0,0,0,0,0
221,0.00 ,0,0,0,0,0,0,0,0,0,0,0,0,0,0,0,0,0,0,0,0,0,0,0,0
222,0.00 ,0,0,0,0,0,0,0,0,0,0,0,0,0,0,0,0,0,0,0,0,0,0,0,0
